id,type,sub_type,name
Sam,Entity,Person,Sam
Kelly,Entity,Person,Kelly
Nadia Conti,Entity,Person,Nadia Conti
Elise,Entity,Person,Elise
Liam Thorne,Entity,Person,Liam Thorne
Samantha Blake,Entity,Person,Samantha Blake
Davis,Entity,Person,Davis
Rodriguez,Entity,Person,Rodriguez
Sailor Shift,Entity,Person,Sailor Shift
Clepper Jensen,Entity,Person,Clepper Jensen
Miranda Jordan,Entity,Person,Miranda Jordan
The Intern,Entity,Person,The Intern
The Lookout,Entity,Person,The Lookout
The Accountant,Entity,Person,The Accountant
Mrs. Money,Entity,Person,Mrs. Money
The Middleman,Entity,Person,The Middleman
Boss,Entity,Person,Boss
Small Fry,Entity,Person,Small Fry
Glitters Team,Entity,Organization,Glitters Team
Oceanus City Council,Entity,Organization,Oceanus City Council
Green Guardians,Entity,Organization,Green Guardians
V. Miesel Shipping,Entity,Organization,V. Miesel Shipping
Sailor Shifts Team,Entity,Organization,Sailor Shifts Team
Neptune,Entity,Vessel,Neptune
Marlin,Entity,Vessel,Marlin
Serenity,Entity,Vessel,Serenity
Mako,Entity,Vessel,Mako
Reef Guardian,Entity,Vessel,Reef Guardian
Horizon,Entity,Vessel,Horizon
Seawatch,Entity,Vessel,Seawatch
EcoVigil,Entity,Vessel,EcoVigil
Sentinel,Entity,Vessel,Sentinel
Osprey,Entity,Vessel,Osprey
Defender,Entity,Vessel,Defender
Northern Light,Entity,Vessel,Northern Light
Remora,Entity,Vessel,Remora
Knowles,Entity,Vessel,Knowles
Mariner's Dream,Entity,Vessel,Mariner's Dream
Recreational Fishing Boats,Entity,Group,Recreational Fishing Boats
City Officials,Entity,Group,City Officials
Diving Tour Operators,Entity,Group,Diving Tour Operators
Tourists,Entity,Group,Tourists
Conservation Vessels,Entity,Group,Conservation Vessels
Paackland Harbor,Entity,Location,Paackland Harbor
Haacklee Harbor,Entity,Location,Haacklee Harbor
Himark Harbor,Entity,Location,Himark Harbor
Nemo Reef,Entity,Location,Nemo Reef
Restricted areas,Entity,Location,Restricted areas
Azure Cove,Entity,Location,Azure Cove
Protected areas,Entity,Location,Protected areas
Eastern reefs,Entity,Location,Eastern reefs
Eastern Coastline,Entity,Location,Eastern Coastline
Southern islands,Entity,Location,Southern islands
Southern coastline,Entity,Location,Southern coastline
Coral Point,Entity,Location,Coral Point
Dolphin Bay,Entity,Location,Dolphin Bay
E7,Entity,Location,E7
Northern quadrant,Entity,Location,Northern quadrant
Southern quadrant,Entity,Location,Southern quadrant
Eastern quadrant,Entity,Location,Eastern quadrant
Western quadrant,Entity,Location,Western quadrant
Eastern Islands,Entity,Location,Eastern Islands
Western Boundary,Entity,Location,Western Boundary
Eastern Boundary,Entity,Location,Eastern Boundary
Southern Boundary,Entity,Location,Southern Boundary
Eastern Shoals,Entity,Location,Eastern Shoals
Restricted Zone,Entity,Location,Restricted Zone
Route C,Entity,Location,Route C
South Dock,Entity,Location,South Dock
Castaway Cove,Entity,Location,Castaway Cove
Berth 14,Entity,Location,Berth 14
Port Security,Entity,Location,Port Security
Event_Monitoring_0,Event,Monitoring,Unknown
Event_Monitoring_33,Event,Monitoring,Unknown
Event_Monitoring_38,Event,Monitoring,Unknown
Event_Monitoring_60,Event,Monitoring,Unknown
Event_Monitoring_68,Event,Monitoring,Unknown
Event_Monitoring_71,Event,Monitoring,Unknown
Event_Monitoring_73,Event,Monitoring,Unknown
Event_Monitoring_74,Event,Monitoring,Unknown
Event_Monitoring_77,Event,Monitoring,Unknown
Event_Monitoring_83,Event,Monitoring,Unknown
Event_Monitoring_105,Event,Monitoring,Unknown
Event_Monitoring_129,Event,Monitoring,Unknown
Event_Monitoring_133,Event,Monitoring,Unknown
Event_Monitoring_148,Event,Monitoring,Unknown
Event_Monitoring_164,Event,Monitoring,Unknown
Event_Monitoring_168,Event,Monitoring,Unknown
Event_Monitoring_173,Event,Monitoring,Unknown
Event_Monitoring_192,Event,Monitoring,Unknown
Event_Monitoring_208,Event,Monitoring,Unknown
Event_Monitoring_232,Event,Monitoring,Unknown
Event_Monitoring_243,Event,Monitoring,Unknown
Event_Monitoring_253,Event,Monitoring,Unknown
Event_Monitoring_255,Event,Monitoring,Unknown
Event_Monitoring_266,Event,Monitoring,Unknown
Event_Monitoring_286,Event,Monitoring,Unknown
Event_Monitoring_358,Event,Monitoring,Unknown
Event_Monitoring_383,Event,Monitoring,Unknown
Event_Monitoring_410,Event,Monitoring,Unknown
Event_Monitoring_414,Event,Monitoring,Unknown
Event_Monitoring_444,Event,Monitoring,Unknown
Event_Monitoring_484,Event,Monitoring,Unknown
Event_Monitoring_490,Event,Monitoring,Unknown
Event_Monitoring_530,Event,Monitoring,Unknown
Event_Monitoring_534,Event,Monitoring,Unknown
Event_Monitoring_595,Event,Monitoring,Unknown
Event_Monitoring_608,Event,Monitoring,Unknown
Event_Monitoring_631,Event,Monitoring,Unknown
Event_Monitoring_661,Event,Monitoring,Unknown
Event_Monitoring_678,Event,Monitoring,Unknown
Event_Monitoring_688,Event,Monitoring,Unknown
Event_Monitoring_690,Event,Monitoring,Unknown
Event_Monitoring_704,Event,Monitoring,Unknown
Event_Monitoring_709,Event,Monitoring,Unknown
Event_Monitoring_716,Event,Monitoring,Unknown
Event_Monitoring_722,Event,Monitoring,Unknown
Event_Monitoring_752,Event,Monitoring,Unknown
Event_Monitoring_766,Event,Monitoring,Unknown
Event_Monitoring_777,Event,Monitoring,Unknown
Event_Monitoring_797,Event,Monitoring,Unknown
Event_Monitoring_803,Event,Monitoring,Unknown
Event_Monitoring_829,Event,Monitoring,Unknown
Event_Monitoring_835,Event,Monitoring,Unknown
Event_Monitoring_856,Event,Monitoring,Unknown
Event_Monitoring_878,Event,Monitoring,Unknown
Event_Monitoring_900,Event,Monitoring,Unknown
Event_Monitoring_909,Event,Monitoring,Unknown
Event_Monitoring_911,Event,Monitoring,Unknown
Event_Monitoring_917,Event,Monitoring,Unknown
Event_Monitoring_922,Event,Monitoring,Unknown
Event_Monitoring_929,Event,Monitoring,Unknown
Event_Monitoring_932,Event,Monitoring,Unknown
Event_Monitoring_934,Event,Monitoring,Unknown
Event_Monitoring_941,Event,Monitoring,Unknown
Event_Monitoring_942,Event,Monitoring,Unknown
Event_Monitoring_946,Event,Monitoring,Unknown
Event_Monitoring_957,Event,Monitoring,Unknown
Event_Monitoring_967,Event,Monitoring,Unknown
Event_Monitoring_971,Event,Monitoring,Unknown
Event_Monitoring_978,Event,Monitoring,Unknown
Event_Monitoring_995,Event,Monitoring,Unknown
Event_Communication_1,Event,Communication,Unknown
Event_Communication_2,Event,Communication,Unknown
Event_Communication_3,Event,Communication,Unknown
Event_Communication_5,Event,Communication,Unknown
Event_Communication_6,Event,Communication,Unknown
Event_Communication_7,Event,Communication,Unknown
Event_Communication_8,Event,Communication,Unknown
Event_Communication_9,Event,Communication,Unknown
Event_Communication_10,Event,Communication,Unknown
Event_Communication_11,Event,Communication,Unknown
Event_Communication_12,Event,Communication,Unknown
Event_Communication_13,Event,Communication,Unknown
Event_Communication_15,Event,Communication,Unknown
Event_Communication_16,Event,Communication,Unknown
Event_Communication_17,Event,Communication,Unknown
Event_Communication_20,Event,Communication,Unknown
Event_Communication_21,Event,Communication,Unknown
Event_Communication_22,Event,Communication,Unknown
Event_Communication_24,Event,Communication,Unknown
Event_Communication_26,Event,Communication,Unknown
Event_Communication_28,Event,Communication,Unknown
Event_Communication_30,Event,Communication,Unknown
Event_Communication_32,Event,Communication,Unknown
Event_Communication_35,Event,Communication,Unknown
Event_Communication_37,Event,Communication,Unknown
Event_Communication_39,Event,Communication,Unknown
Event_Communication_40,Event,Communication,Unknown
Event_Communication_43,Event,Communication,Unknown
Event_Communication_45,Event,Communication,Unknown
Event_Communication_48,Event,Communication,Unknown
Event_Communication_50,Event,Communication,Unknown
Event_Communication_51,Event,Communication,Unknown
Event_Communication_53,Event,Communication,Unknown
Event_Communication_54,Event,Communication,Unknown
Event_Communication_59,Event,Communication,Unknown
Event_Communication_62,Event,Communication,Unknown
Event_Communication_64,Event,Communication,Unknown
Event_Communication_66,Event,Communication,Unknown
Event_Communication_67,Event,Communication,Unknown
Event_Communication_69,Event,Communication,Unknown
Event_Communication_72,Event,Communication,Unknown
Event_Communication_76,Event,Communication,Unknown
Event_Communication_79,Event,Communication,Unknown
Event_Communication_85,Event,Communication,Unknown
Event_Communication_87,Event,Communication,Unknown
Event_Communication_89,Event,Communication,Unknown
Event_Communication_90,Event,Communication,Unknown
Event_Communication_91,Event,Communication,Unknown
Event_Communication_92,Event,Communication,Unknown
Event_Communication_94,Event,Communication,Unknown
Event_Communication_95,Event,Communication,Unknown
Event_Communication_97,Event,Communication,Unknown
Event_Communication_99,Event,Communication,Unknown
Event_Communication_100,Event,Communication,Unknown
Event_Communication_102,Event,Communication,Unknown
Event_Communication_103,Event,Communication,Unknown
Event_Communication_106,Event,Communication,Unknown
Event_Communication_109,Event,Communication,Unknown
Event_Communication_110,Event,Communication,Unknown
Event_Communication_111,Event,Communication,Unknown
Event_Communication_112,Event,Communication,Unknown
Event_Communication_113,Event,Communication,Unknown
Event_Communication_115,Event,Communication,Unknown
Event_Communication_117,Event,Communication,Unknown
Event_Communication_118,Event,Communication,Unknown
Event_Communication_119,Event,Communication,Unknown
Event_Communication_120,Event,Communication,Unknown
Event_Communication_121,Event,Communication,Unknown
Event_Communication_123,Event,Communication,Unknown
Event_Communication_124,Event,Communication,Unknown
Event_Communication_126,Event,Communication,Unknown
Event_Communication_128,Event,Communication,Unknown
Event_Communication_130,Event,Communication,Unknown
Event_Communication_131,Event,Communication,Unknown
Event_Communication_132,Event,Communication,Unknown
Event_Communication_134,Event,Communication,Unknown
Event_Communication_135,Event,Communication,Unknown
Event_Communication_136,Event,Communication,Unknown
Event_Communication_139,Event,Communication,Unknown
Event_Communication_141,Event,Communication,Unknown
Event_Communication_142,Event,Communication,Unknown
Event_Communication_143,Event,Communication,Unknown
Event_Communication_145,Event,Communication,Unknown
Event_Communication_147,Event,Communication,Unknown
Event_Communication_149,Event,Communication,Unknown
Event_Communication_150,Event,Communication,Unknown
Event_Communication_152,Event,Communication,Unknown
Event_Communication_153,Event,Communication,Unknown
Event_Communication_156,Event,Communication,Unknown
Event_Communication_158,Event,Communication,Unknown
Event_Communication_159,Event,Communication,Unknown
Event_Communication_160,Event,Communication,Unknown
Event_Communication_161,Event,Communication,Unknown
Event_Communication_162,Event,Communication,Unknown
Event_Communication_163,Event,Communication,Unknown
Event_Communication_165,Event,Communication,Unknown
Event_Communication_167,Event,Communication,Unknown
Event_Communication_169,Event,Communication,Unknown
Event_Communication_171,Event,Communication,Unknown
Event_Communication_175,Event,Communication,Unknown
Event_Communication_176,Event,Communication,Unknown
Event_Communication_179,Event,Communication,Unknown
Event_Communication_182,Event,Communication,Unknown
Event_Communication_183,Event,Communication,Unknown
Event_Communication_186,Event,Communication,Unknown
Event_Communication_189,Event,Communication,Unknown
Event_Communication_191,Event,Communication,Unknown
Event_Communication_196,Event,Communication,Unknown
Event_Communication_197,Event,Communication,Unknown
Event_Communication_199,Event,Communication,Unknown
Event_Communication_201,Event,Communication,Unknown
Event_Communication_203,Event,Communication,Unknown
Event_Communication_204,Event,Communication,Unknown
Event_Communication_205,Event,Communication,Unknown
Event_Communication_206,Event,Communication,Unknown
Event_Communication_207,Event,Communication,Unknown
Event_Communication_209,Event,Communication,Unknown
Event_Communication_211,Event,Communication,Unknown
Event_Communication_213,Event,Communication,Unknown
Event_Communication_214,Event,Communication,Unknown
Event_Communication_216,Event,Communication,Unknown
Event_Communication_218,Event,Communication,Unknown
Event_Communication_221,Event,Communication,Unknown
Event_Communication_222,Event,Communication,Unknown
Event_Communication_224,Event,Communication,Unknown
Event_Communication_225,Event,Communication,Unknown
Event_Communication_226,Event,Communication,Unknown
Event_Communication_227,Event,Communication,Unknown
Event_Communication_228,Event,Communication,Unknown
Event_Communication_229,Event,Communication,Unknown
Event_Communication_230,Event,Communication,Unknown
Event_Communication_231,Event,Communication,Unknown
Event_Communication_234,Event,Communication,Unknown
Event_Communication_237,Event,Communication,Unknown
Event_Communication_239,Event,Communication,Unknown
Event_Communication_240,Event,Communication,Unknown
Event_Communication_244,Event,Communication,Unknown
Event_Communication_246,Event,Communication,Unknown
Event_Communication_248,Event,Communication,Unknown
Event_Communication_249,Event,Communication,Unknown
Event_Communication_250,Event,Communication,Unknown
Event_Communication_252,Event,Communication,Unknown
Event_Communication_254,Event,Communication,Unknown
Event_Communication_258,Event,Communication,Unknown
Event_Communication_260,Event,Communication,Unknown
Event_Communication_262,Event,Communication,Unknown
Event_Communication_264,Event,Communication,Unknown
Event_Communication_267,Event,Communication,Unknown
Event_Communication_268,Event,Communication,Unknown
Event_Communication_270,Event,Communication,Unknown
Event_Communication_272,Event,Communication,Unknown
Event_Communication_275,Event,Communication,Unknown
Event_Communication_277,Event,Communication,Unknown
Event_Communication_278,Event,Communication,Unknown
Event_Communication_279,Event,Communication,Unknown
Event_Communication_280,Event,Communication,Unknown
Event_Communication_281,Event,Communication,Unknown
Event_Communication_282,Event,Communication,Unknown
Event_Communication_283,Event,Communication,Unknown
Event_Communication_285,Event,Communication,Unknown
Event_Communication_287,Event,Communication,Unknown
Event_Communication_289,Event,Communication,Unknown
Event_Communication_291,Event,Communication,Unknown
Event_Communication_293,Event,Communication,Unknown
Event_Communication_295,Event,Communication,Unknown
Event_Communication_297,Event,Communication,Unknown
Event_Communication_299,Event,Communication,Unknown
Event_Communication_301,Event,Communication,Unknown
Event_Communication_302,Event,Communication,Unknown
Event_Communication_304,Event,Communication,Unknown
Event_Communication_305,Event,Communication,Unknown
Event_Communication_309,Event,Communication,Unknown
Event_Communication_311,Event,Communication,Unknown
Event_Communication_312,Event,Communication,Unknown
Event_Communication_313,Event,Communication,Unknown
Event_Communication_316,Event,Communication,Unknown
Event_Communication_317,Event,Communication,Unknown
Event_Communication_318,Event,Communication,Unknown
Event_Communication_320,Event,Communication,Unknown
Event_Communication_321,Event,Communication,Unknown
Event_Communication_323,Event,Communication,Unknown
Event_Communication_325,Event,Communication,Unknown
Event_Communication_327,Event,Communication,Unknown
Event_Communication_328,Event,Communication,Unknown
Event_Communication_330,Event,Communication,Unknown
Event_Communication_331,Event,Communication,Unknown
Event_Communication_332,Event,Communication,Unknown
Event_Communication_333,Event,Communication,Unknown
Event_Communication_334,Event,Communication,Unknown
Event_Communication_336,Event,Communication,Unknown
Event_Communication_338,Event,Communication,Unknown
Event_Communication_339,Event,Communication,Unknown
Event_Communication_340,Event,Communication,Unknown
Event_Communication_341,Event,Communication,Unknown
Event_Communication_343,Event,Communication,Unknown
Event_Communication_345,Event,Communication,Unknown
Event_Communication_347,Event,Communication,Unknown
Event_Communication_349,Event,Communication,Unknown
Event_Communication_350,Event,Communication,Unknown
Event_Communication_351,Event,Communication,Unknown
Event_Communication_353,Event,Communication,Unknown
Event_Communication_354,Event,Communication,Unknown
Event_Communication_355,Event,Communication,Unknown
Event_Communication_356,Event,Communication,Unknown
Event_Communication_357,Event,Communication,Unknown
Event_Communication_359,Event,Communication,Unknown
Event_Communication_360,Event,Communication,Unknown
Event_Communication_361,Event,Communication,Unknown
Event_Communication_362,Event,Communication,Unknown
Event_Communication_365,Event,Communication,Unknown
Event_Communication_366,Event,Communication,Unknown
Event_Communication_367,Event,Communication,Unknown
Event_Communication_368,Event,Communication,Unknown
Event_Communication_369,Event,Communication,Unknown
Event_Communication_370,Event,Communication,Unknown
Event_Communication_371,Event,Communication,Unknown
Event_Communication_372,Event,Communication,Unknown
Event_Communication_373,Event,Communication,Unknown
Event_Communication_375,Event,Communication,Unknown
Event_Communication_376,Event,Communication,Unknown
Event_Communication_377,Event,Communication,Unknown
Event_Communication_378,Event,Communication,Unknown
Event_Communication_380,Event,Communication,Unknown
Event_Communication_381,Event,Communication,Unknown
Event_Communication_382,Event,Communication,Unknown
Event_Communication_384,Event,Communication,Unknown
Event_Communication_386,Event,Communication,Unknown
Event_Communication_387,Event,Communication,Unknown
Event_Communication_388,Event,Communication,Unknown
Event_Communication_389,Event,Communication,Unknown
Event_Communication_390,Event,Communication,Unknown
Event_Communication_392,Event,Communication,Unknown
Event_Communication_394,Event,Communication,Unknown
Event_Communication_396,Event,Communication,Unknown
Event_Communication_399,Event,Communication,Unknown
Event_Communication_401,Event,Communication,Unknown
Event_Communication_403,Event,Communication,Unknown
Event_Communication_405,Event,Communication,Unknown
Event_Communication_406,Event,Communication,Unknown
Event_Communication_408,Event,Communication,Unknown
Event_Communication_409,Event,Communication,Unknown
Event_Communication_411,Event,Communication,Unknown
Event_Communication_413,Event,Communication,Unknown
Event_Communication_415,Event,Communication,Unknown
Event_Communication_417,Event,Communication,Unknown
Event_Communication_419,Event,Communication,Unknown
Event_Communication_420,Event,Communication,Unknown
Event_Communication_421,Event,Communication,Unknown
Event_Communication_423,Event,Communication,Unknown
Event_Communication_425,Event,Communication,Unknown
Event_Communication_426,Event,Communication,Unknown
Event_Communication_428,Event,Communication,Unknown
Event_Communication_431,Event,Communication,Unknown
Event_Communication_433,Event,Communication,Unknown
Event_Communication_435,Event,Communication,Unknown
Event_Communication_436,Event,Communication,Unknown
Event_Communication_437,Event,Communication,Unknown
Event_Communication_438,Event,Communication,Unknown
Event_Communication_439,Event,Communication,Unknown
Event_Communication_441,Event,Communication,Unknown
Event_Communication_442,Event,Communication,Unknown
Event_Communication_443,Event,Communication,Unknown
Event_Communication_446,Event,Communication,Unknown
Event_Communication_449,Event,Communication,Unknown
Event_Communication_451,Event,Communication,Unknown
Event_Communication_453,Event,Communication,Unknown
Event_Communication_456,Event,Communication,Unknown
Event_Communication_458,Event,Communication,Unknown
Event_Communication_460,Event,Communication,Unknown
Event_Communication_462,Event,Communication,Unknown
Event_Communication_464,Event,Communication,Unknown
Event_Communication_467,Event,Communication,Unknown
Event_Communication_468,Event,Communication,Unknown
Event_Communication_469,Event,Communication,Unknown
Event_Communication_470,Event,Communication,Unknown
Event_Communication_473,Event,Communication,Unknown
Event_Communication_474,Event,Communication,Unknown
Event_Communication_475,Event,Communication,Unknown
Event_Communication_476,Event,Communication,Unknown
Event_Communication_478,Event,Communication,Unknown
Event_Communication_479,Event,Communication,Unknown
Event_Communication_482,Event,Communication,Unknown
Event_Communication_485,Event,Communication,Unknown
Event_Communication_487,Event,Communication,Unknown
Event_Communication_489,Event,Communication,Unknown
Event_Communication_491,Event,Communication,Unknown
Event_Communication_493,Event,Communication,Unknown
Event_Communication_496,Event,Communication,Unknown
Event_Communication_499,Event,Communication,Unknown
Event_Communication_501,Event,Communication,Unknown
Event_Communication_502,Event,Communication,Unknown
Event_Communication_504,Event,Communication,Unknown
Event_Communication_506,Event,Communication,Unknown
Event_Communication_508,Event,Communication,Unknown
Event_Communication_511,Event,Communication,Unknown
Event_Communication_513,Event,Communication,Unknown
Event_Communication_515,Event,Communication,Unknown
Event_Communication_518,Event,Communication,Unknown
Event_Communication_519,Event,Communication,Unknown
Event_Communication_520,Event,Communication,Unknown
Event_Communication_521,Event,Communication,Unknown
Event_Communication_523,Event,Communication,Unknown
Event_Communication_525,Event,Communication,Unknown
Event_Communication_528,Event,Communication,Unknown
Event_Communication_529,Event,Communication,Unknown
Event_Communication_531,Event,Communication,Unknown
Event_Communication_533,Event,Communication,Unknown
Event_Communication_535,Event,Communication,Unknown
Event_Communication_536,Event,Communication,Unknown
Event_Communication_537,Event,Communication,Unknown
Event_Communication_538,Event,Communication,Unknown
Event_Communication_539,Event,Communication,Unknown
Event_Communication_541,Event,Communication,Unknown
Event_Communication_543,Event,Communication,Unknown
Event_Communication_544,Event,Communication,Unknown
Event_Communication_545,Event,Communication,Unknown
Event_Communication_546,Event,Communication,Unknown
Event_Communication_548,Event,Communication,Unknown
Event_Communication_551,Event,Communication,Unknown
Event_Communication_553,Event,Communication,Unknown
Event_Communication_555,Event,Communication,Unknown
Event_Communication_556,Event,Communication,Unknown
Event_Communication_558,Event,Communication,Unknown
Event_Communication_559,Event,Communication,Unknown
Event_Communication_560,Event,Communication,Unknown
Event_Communication_562,Event,Communication,Unknown
Event_Communication_565,Event,Communication,Unknown
Event_Communication_566,Event,Communication,Unknown
Event_Communication_568,Event,Communication,Unknown
Event_Communication_571,Event,Communication,Unknown
Event_Communication_572,Event,Communication,Unknown
Event_Communication_574,Event,Communication,Unknown
Event_Communication_575,Event,Communication,Unknown
Event_Communication_576,Event,Communication,Unknown
Event_Communication_578,Event,Communication,Unknown
Event_Communication_579,Event,Communication,Unknown
Event_Communication_581,Event,Communication,Unknown
Event_Communication_582,Event,Communication,Unknown
Event_Communication_584,Event,Communication,Unknown
Event_Communication_585,Event,Communication,Unknown
Event_Communication_588,Event,Communication,Unknown
Event_Communication_590,Event,Communication,Unknown
Event_Communication_591,Event,Communication,Unknown
Event_Communication_593,Event,Communication,Unknown
Event_Communication_594,Event,Communication,Unknown
Event_Communication_596,Event,Communication,Unknown
Event_Communication_597,Event,Communication,Unknown
Event_Communication_598,Event,Communication,Unknown
Event_Communication_599,Event,Communication,Unknown
Event_Communication_601,Event,Communication,Unknown
Event_Communication_603,Event,Communication,Unknown
Event_Communication_604,Event,Communication,Unknown
Event_Communication_605,Event,Communication,Unknown
Event_Communication_606,Event,Communication,Unknown
Event_Communication_607,Event,Communication,Unknown
Event_Communication_610,Event,Communication,Unknown
Event_Communication_612,Event,Communication,Unknown
Event_Communication_613,Event,Communication,Unknown
Event_Communication_614,Event,Communication,Unknown
Event_Communication_616,Event,Communication,Unknown
Event_Communication_617,Event,Communication,Unknown
Event_Communication_619,Event,Communication,Unknown
Event_Communication_621,Event,Communication,Unknown
Event_Communication_623,Event,Communication,Unknown
Event_Communication_627,Event,Communication,Unknown
Event_Communication_630,Event,Communication,Unknown
Event_Communication_632,Event,Communication,Unknown
Event_Communication_633,Event,Communication,Unknown
Event_Communication_635,Event,Communication,Unknown
Event_Communication_636,Event,Communication,Unknown
Event_Communication_637,Event,Communication,Unknown
Event_Communication_638,Event,Communication,Unknown
Event_Communication_639,Event,Communication,Unknown
Event_Communication_640,Event,Communication,Unknown
Event_Communication_641,Event,Communication,Unknown
Event_Communication_642,Event,Communication,Unknown
Event_Communication_644,Event,Communication,Unknown
Event_Communication_645,Event,Communication,Unknown
Event_Communication_647,Event,Communication,Unknown
Event_Communication_649,Event,Communication,Unknown
Event_Communication_651,Event,Communication,Unknown
Event_Communication_652,Event,Communication,Unknown
Event_Communication_654,Event,Communication,Unknown
Event_Communication_655,Event,Communication,Unknown
Event_Communication_656,Event,Communication,Unknown
Event_Communication_657,Event,Communication,Unknown
Event_Communication_660,Event,Communication,Unknown
Event_Communication_662,Event,Communication,Unknown
Event_Communication_663,Event,Communication,Unknown
Event_Communication_664,Event,Communication,Unknown
Event_Communication_665,Event,Communication,Unknown
Event_Communication_668,Event,Communication,Unknown
Event_Communication_672,Event,Communication,Unknown
Event_Communication_674,Event,Communication,Unknown
Event_Communication_675,Event,Communication,Unknown
Event_Communication_677,Event,Communication,Unknown
Event_Communication_679,Event,Communication,Unknown
Event_Communication_681,Event,Communication,Unknown
Event_Communication_683,Event,Communication,Unknown
Event_Communication_684,Event,Communication,Unknown
Event_Communication_685,Event,Communication,Unknown
Event_Communication_686,Event,Communication,Unknown
Event_Communication_687,Event,Communication,Unknown
Event_Communication_689,Event,Communication,Unknown
Event_Communication_692,Event,Communication,Unknown
Event_Communication_694,Event,Communication,Unknown
Event_Communication_696,Event,Communication,Unknown
Event_Communication_700,Event,Communication,Unknown
Event_Communication_702,Event,Communication,Unknown
Event_Communication_705,Event,Communication,Unknown
Event_Communication_708,Event,Communication,Unknown
Event_Communication_710,Event,Communication,Unknown
Event_Communication_712,Event,Communication,Unknown
Event_Communication_714,Event,Communication,Unknown
Event_Communication_715,Event,Communication,Unknown
Event_Communication_717,Event,Communication,Unknown
Event_Communication_720,Event,Communication,Unknown
Event_Communication_721,Event,Communication,Unknown
Event_Communication_724,Event,Communication,Unknown
Event_Communication_726,Event,Communication,Unknown
Event_Communication_727,Event,Communication,Unknown
Event_Communication_728,Event,Communication,Unknown
Event_Communication_730,Event,Communication,Unknown
Event_Communication_731,Event,Communication,Unknown
Event_Communication_733,Event,Communication,Unknown
Event_Communication_735,Event,Communication,Unknown
Event_Communication_737,Event,Communication,Unknown
Event_Communication_739,Event,Communication,Unknown
Event_Communication_741,Event,Communication,Unknown
Event_Communication_742,Event,Communication,Unknown
Event_Communication_744,Event,Communication,Unknown
Event_Communication_746,Event,Communication,Unknown
Event_Communication_749,Event,Communication,Unknown
Event_Communication_751,Event,Communication,Unknown
Event_Communication_753,Event,Communication,Unknown
Event_Communication_754,Event,Communication,Unknown
Event_Communication_755,Event,Communication,Unknown
Event_Communication_756,Event,Communication,Unknown
Event_Communication_757,Event,Communication,Unknown
Event_Communication_758,Event,Communication,Unknown
Event_Communication_759,Event,Communication,Unknown
Event_Communication_761,Event,Communication,Unknown
Event_Communication_762,Event,Communication,Unknown
Event_Communication_763,Event,Communication,Unknown
Event_Communication_764,Event,Communication,Unknown
Event_Communication_767,Event,Communication,Unknown
Event_Communication_768,Event,Communication,Unknown
Event_Communication_770,Event,Communication,Unknown
Event_Communication_771,Event,Communication,Unknown
Event_Communication_772,Event,Communication,Unknown
Event_Communication_773,Event,Communication,Unknown
Event_Communication_774,Event,Communication,Unknown
Event_Communication_775,Event,Communication,Unknown
Event_Communication_776,Event,Communication,Unknown
Event_Communication_778,Event,Communication,Unknown
Event_Communication_781,Event,Communication,Unknown
Event_Communication_783,Event,Communication,Unknown
Event_Communication_785,Event,Communication,Unknown
Event_Communication_787,Event,Communication,Unknown
Event_Communication_789,Event,Communication,Unknown
Event_Communication_792,Event,Communication,Unknown
Event_Communication_793,Event,Communication,Unknown
Event_Communication_794,Event,Communication,Unknown
Event_Communication_795,Event,Communication,Unknown
Event_Communication_796,Event,Communication,Unknown
Event_Communication_799,Event,Communication,Unknown
Event_Communication_801,Event,Communication,Unknown
Event_Communication_802,Event,Communication,Unknown
Event_Communication_804,Event,Communication,Unknown
Event_Communication_805,Event,Communication,Unknown
Event_Communication_808,Event,Communication,Unknown
Event_Communication_809,Event,Communication,Unknown
Event_Communication_810,Event,Communication,Unknown
Event_Communication_811,Event,Communication,Unknown
Event_Communication_812,Event,Communication,Unknown
Event_Communication_815,Event,Communication,Unknown
Event_Communication_817,Event,Communication,Unknown
Event_Communication_819,Event,Communication,Unknown
Event_Communication_820,Event,Communication,Unknown
Event_Communication_821,Event,Communication,Unknown
Event_Communication_822,Event,Communication,Unknown
Event_Communication_823,Event,Communication,Unknown
Event_Communication_824,Event,Communication,Unknown
Event_Communication_825,Event,Communication,Unknown
Event_Communication_826,Event,Communication,Unknown
Event_Communication_828,Event,Communication,Unknown
Event_Communication_831,Event,Communication,Unknown
Event_Communication_833,Event,Communication,Unknown
Event_Communication_834,Event,Communication,Unknown
Event_Communication_836,Event,Communication,Unknown
Event_Communication_838,Event,Communication,Unknown
Event_Communication_840,Event,Communication,Unknown
Event_Communication_841,Event,Communication,Unknown
Event_Communication_842,Event,Communication,Unknown
Event_Communication_844,Event,Communication,Unknown
Event_Communication_845,Event,Communication,Unknown
Event_Communication_846,Event,Communication,Unknown
Event_Communication_847,Event,Communication,Unknown
Event_Communication_849,Event,Communication,Unknown
Event_Communication_850,Event,Communication,Unknown
Event_Communication_851,Event,Communication,Unknown
Event_Communication_852,Event,Communication,Unknown
Event_Communication_853,Event,Communication,Unknown
Event_Communication_855,Event,Communication,Unknown
Event_Communication_857,Event,Communication,Unknown
Event_Communication_859,Event,Communication,Unknown
Event_Communication_860,Event,Communication,Unknown
Event_Communication_862,Event,Communication,Unknown
Event_Communication_864,Event,Communication,Unknown
Event_Communication_866,Event,Communication,Unknown
Event_Communication_867,Event,Communication,Unknown
Event_Communication_869,Event,Communication,Unknown
Event_Communication_871,Event,Communication,Unknown
Event_Communication_873,Event,Communication,Unknown
Event_Communication_875,Event,Communication,Unknown
Event_Communication_877,Event,Communication,Unknown
Event_Communication_879,Event,Communication,Unknown
Event_Communication_881,Event,Communication,Unknown
Event_Communication_882,Event,Communication,Unknown
Event_Communication_884,Event,Communication,Unknown
Event_Communication_886,Event,Communication,Unknown
Event_Communication_888,Event,Communication,Unknown
Event_Communication_890,Event,Communication,Unknown
Event_Communication_891,Event,Communication,Unknown
Event_Communication_893,Event,Communication,Unknown
Event_Communication_895,Event,Communication,Unknown
Event_Communication_897,Event,Communication,Unknown
Event_Communication_898,Event,Communication,Unknown
Event_Communication_899,Event,Communication,Unknown
Event_Communication_901,Event,Communication,Unknown
Event_Communication_902,Event,Communication,Unknown
Event_Communication_903,Event,Communication,Unknown
Event_Communication_905,Event,Communication,Unknown
Event_Communication_908,Event,Communication,Unknown
Event_Communication_910,Event,Communication,Unknown
Event_Communication_912,Event,Communication,Unknown
Event_Communication_914,Event,Communication,Unknown
Event_Communication_916,Event,Communication,Unknown
Event_Communication_919,Event,Communication,Unknown
Event_Communication_920,Event,Communication,Unknown
Event_Communication_921,Event,Communication,Unknown
Event_Communication_923,Event,Communication,Unknown
Event_Communication_925,Event,Communication,Unknown
Event_Communication_926,Event,Communication,Unknown
Event_Communication_928,Event,Communication,Unknown
Event_Communication_930,Event,Communication,Unknown
Event_Communication_933,Event,Communication,Unknown
Event_Communication_935,Event,Communication,Unknown
Event_Communication_936,Event,Communication,Unknown
Event_Communication_937,Event,Communication,Unknown
Event_Communication_939,Event,Communication,Unknown
Event_Communication_940,Event,Communication,Unknown
Event_Communication_943,Event,Communication,Unknown
Event_Communication_945,Event,Communication,Unknown
Event_Communication_949,Event,Communication,Unknown
Event_Communication_950,Event,Communication,Unknown
Event_Communication_951,Event,Communication,Unknown
Event_Communication_953,Event,Communication,Unknown
Event_Communication_955,Event,Communication,Unknown
Event_Communication_958,Event,Communication,Unknown
Event_Communication_960,Event,Communication,Unknown
Event_Communication_961,Event,Communication,Unknown
Event_Communication_963,Event,Communication,Unknown
Event_Communication_964,Event,Communication,Unknown
Event_Communication_965,Event,Communication,Unknown
Event_Communication_968,Event,Communication,Unknown
Event_Communication_970,Event,Communication,Unknown
Event_Communication_974,Event,Communication,Unknown
Event_Communication_976,Event,Communication,Unknown
Event_Communication_977,Event,Communication,Unknown
Event_Communication_979,Event,Communication,Unknown
Event_Communication_981,Event,Communication,Unknown
Event_Communication_982,Event,Communication,Unknown
Event_Communication_984,Event,Communication,Unknown
Event_Communication_986,Event,Communication,Unknown
Event_Communication_987,Event,Communication,Unknown
Event_Communication_989,Event,Communication,Unknown
Event_Communication_991,Event,Communication,Unknown
Event_Communication_993,Event,Communication,Unknown
Event_Communication_994,Event,Communication,Unknown
Event_Communication_997,Event,Communication,Unknown
Event_Communication_999,Event,Communication,Unknown
Event_Communication_1001,Event,Communication,Unknown
Event_Communication_1003,Event,Communication,Unknown
Event_Assessment_14,Event,Assessment,Unknown
Event_Assessment_18,Event,Assessment,Unknown
Event_Assessment_41,Event,Assessment,Unknown
Event_Assessment_56,Event,Assessment,Unknown
Event_Assessment_65,Event,Assessment,Unknown
Event_Assessment_101,Event,Assessment,Unknown
Event_Assessment_114,Event,Assessment,Unknown
Event_Assessment_172,Event,Assessment,Unknown
Event_Assessment_174,Event,Assessment,Unknown
Event_Assessment_198,Event,Assessment,Unknown
Event_Assessment_223,Event,Assessment,Unknown
Event_Assessment_329,Event,Assessment,Unknown
Event_Assessment_337,Event,Assessment,Unknown
Event_Assessment_445,Event,Assessment,Unknown
Event_Assessment_463,Event,Assessment,Unknown
Event_Assessment_488,Event,Assessment,Unknown
Event_Assessment_492,Event,Assessment,Unknown
Event_Assessment_522,Event,Assessment,Unknown
Event_Assessment_567,Event,Assessment,Unknown
Event_Assessment_583,Event,Assessment,Unknown
Event_Assessment_600,Event,Assessment,Unknown
Event_Assessment_609,Event,Assessment,Unknown
Event_Assessment_625,Event,Assessment,Unknown
Event_Assessment_628,Event,Assessment,Unknown
Event_Assessment_650,Event,Assessment,Unknown
Event_Assessment_691,Event,Assessment,Unknown
Event_Assessment_701,Event,Assessment,Unknown
Event_Assessment_703,Event,Assessment,Unknown
Event_Assessment_729,Event,Assessment,Unknown
Event_Assessment_765,Event,Assessment,Unknown
Event_Assessment_786,Event,Assessment,Unknown
Event_Assessment_791,Event,Assessment,Unknown
Event_Assessment_837,Event,Assessment,Unknown
Event_Assessment_966,Event,Assessment,Unknown
Event_Assessment_973,Event,Assessment,Unknown
Event_Assessment_996,Event,Assessment,Unknown
Event_VesselMovement_25,Event,VesselMovement,Unknown
Event_VesselMovement_122,Event,VesselMovement,Unknown
Event_VesselMovement_154,Event,VesselMovement,Unknown
Event_VesselMovement_157,Event,VesselMovement,Unknown
Event_VesselMovement_190,Event,VesselMovement,Unknown
Event_VesselMovement_210,Event,VesselMovement,Unknown
Event_VesselMovement_242,Event,VesselMovement,Unknown
Event_VesselMovement_284,Event,VesselMovement,Unknown
Event_VesselMovement_288,Event,VesselMovement,Unknown
Event_VesselMovement_300,Event,VesselMovement,Unknown
Event_VesselMovement_303,Event,VesselMovement,Unknown
Event_VesselMovement_326,Event,VesselMovement,Unknown
Event_VesselMovement_344,Event,VesselMovement,Unknown
Event_VesselMovement_363,Event,VesselMovement,Unknown
Event_VesselMovement_393,Event,VesselMovement,Unknown
Event_VesselMovement_402,Event,VesselMovement,Unknown
Event_VesselMovement_418,Event,VesselMovement,Unknown
Event_VesselMovement_483,Event,VesselMovement,Unknown
Event_VesselMovement_494,Event,VesselMovement,Unknown
Event_VesselMovement_495,Event,VesselMovement,Unknown
Event_VesselMovement_503,Event,VesselMovement,Unknown
Event_VesselMovement_509,Event,VesselMovement,Unknown
Event_VesselMovement_510,Event,VesselMovement,Unknown
Event_VesselMovement_516,Event,VesselMovement,Unknown
Event_VesselMovement_540,Event,VesselMovement,Unknown
Event_VesselMovement_549,Event,VesselMovement,Unknown
Event_VesselMovement_563,Event,VesselMovement,Unknown
Event_VesselMovement_569,Event,VesselMovement,Unknown
Event_VesselMovement_577,Event,VesselMovement,Unknown
Event_VesselMovement_580,Event,VesselMovement,Unknown
Event_VesselMovement_624,Event,VesselMovement,Unknown
Event_VesselMovement_629,Event,VesselMovement,Unknown
Event_VesselMovement_634,Event,VesselMovement,Unknown
Event_VesselMovement_670,Event,VesselMovement,Unknown
Event_VesselMovement_798,Event,VesselMovement,Unknown
Event_VesselMovement_806,Event,VesselMovement,Unknown
Event_VesselMovement_843,Event,VesselMovement,Unknown
Event_VesselMovement_883,Event,VesselMovement,Unknown
Event_VesselMovement_887,Event,VesselMovement,Unknown
Event_VesselMovement_892,Event,VesselMovement,Unknown
Event_VesselMovement_904,Event,VesselMovement,Unknown
Event_VesselMovement_931,Event,VesselMovement,Unknown
Event_VesselMovement_944,Event,VesselMovement,Unknown
Event_VesselMovement_980,Event,VesselMovement,Unknown
Event_VesselMovement_1000,Event,VesselMovement,Unknown
Event_VesselMovement_1002,Event,VesselMovement,Unknown
Event_Enforcement_29,Event,Enforcement,Unknown
Event_Enforcement_34,Event,Enforcement,Unknown
Event_Enforcement_42,Event,Enforcement,Unknown
Event_Enforcement_44,Event,Enforcement,Unknown
Event_Enforcement_177,Event,Enforcement,Unknown
Event_Enforcement_193,Event,Enforcement,Unknown
Event_Enforcement_233,Event,Enforcement,Unknown
Event_Enforcement_235,Event,Enforcement,Unknown
Event_Enforcement_261,Event,Enforcement,Unknown
Event_Enforcement_292,Event,Enforcement,Unknown
Event_Enforcement_666,Event,Enforcement,Unknown
Event_Enforcement_693,Event,Enforcement,Unknown
Event_Enforcement_745,Event,Enforcement,Unknown
Event_Enforcement_769,Event,Enforcement,Unknown
Event_Enforcement_784,Event,Enforcement,Unknown
Event_Enforcement_839,Event,Enforcement,Unknown
Event_Enforcement_854,Event,Enforcement,Unknown
Event_Enforcement_947,Event,Enforcement,Unknown
Event_Enforcement_952,Event,Enforcement,Unknown
Event_Enforcement_992,Event,Enforcement,Unknown
Event_Enforcement_998,Event,Enforcement,Unknown
Event_TourActivity_46,Event,TourActivity,Unknown
Event_TourActivity_61,Event,TourActivity,Unknown
Event_TourActivity_70,Event,TourActivity,Unknown
Event_TourActivity_96,Event,TourActivity,Unknown
Event_TourActivity_137,Event,TourActivity,Unknown
Event_TourActivity_140,Event,TourActivity,Unknown
Event_TourActivity_188,Event,TourActivity,Unknown
Event_TourActivity_498,Event,TourActivity,Unknown
Event_TourActivity_807,Event,TourActivity,Unknown
Event_TourActivity_814,Event,TourActivity,Unknown
Event_TourActivity_816,Event,TourActivity,Unknown
Event_TourActivity_938,Event,TourActivity,Unknown
Event_TourActivity_962,Event,TourActivity,Unknown
Event_Fishing_49,Event,Fishing,Unknown
Event_Criticize_52,Event,Criticize,Unknown
Event_Collaborate_82,Event,Collaborate,Unknown
Event_Collaborate_108,Event,Collaborate,Unknown
Event_Collaborate_184,Event,Collaborate,Unknown
Event_Collaborate_200,Event,Collaborate,Unknown
Event_Collaborate_236,Event,Collaborate,Unknown
Event_Collaborate_276,Event,Collaborate,Unknown
Event_Collaborate_364,Event,Collaborate,Unknown
Event_Collaborate_422,Event,Collaborate,Unknown
Event_Collaborate_424,Event,Collaborate,Unknown
Event_Collaborate_455,Event,Collaborate,Unknown
Event_Collaborate_477,Event,Collaborate,Unknown
Event_Collaborate_512,Event,Collaborate,Unknown
Event_Collaborate_517,Event,Collaborate,Unknown
Event_Collaborate_542,Event,Collaborate,Unknown
Event_Collaborate_550,Event,Collaborate,Unknown
Event_Collaborate_554,Event,Collaborate,Unknown
Event_Collaborate_557,Event,Collaborate,Unknown
Event_Collaborate_626,Event,Collaborate,Unknown
Event_Collaborate_697,Event,Collaborate,Unknown
Event_Collaborate_719,Event,Collaborate,Unknown
Event_Collaborate_723,Event,Collaborate,Unknown
Event_Collaborate_760,Event,Collaborate,Unknown
Event_Collaborate_818,Event,Collaborate,Unknown
Event_Collaborate_868,Event,Collaborate,Unknown
Event_Collaborate_972,Event,Collaborate,Unknown
Event_HarborReport_215,Event,HarborReport,Unknown
Event_HarborReport_927,Event,HarborReport,Unknown
Event_TransponderPing_251,Event,TransponderPing,Unknown
Event_TransponderPing_271,Event,TransponderPing,Unknown
Event_TransponderPing_308,Event,TransponderPing,Unknown
Relationship_Friends_0,Relationship,Friends,Unknown
Relationship_Friends_272,Relationship,Friends,Unknown
Relationship_Colleagues_2,Relationship,Colleagues,Unknown
Relationship_Colleagues_11,Relationship,Colleagues,Unknown
Relationship_Colleagues_16,Relationship,Colleagues,Unknown
Relationship_Colleagues_45,Relationship,Colleagues,Unknown
Relationship_Colleagues_66,Relationship,Colleagues,Unknown
Relationship_Colleagues_80,Relationship,Colleagues,Unknown
Relationship_Colleagues_83,Relationship,Colleagues,Unknown
Relationship_Colleagues_84,Relationship,Colleagues,Unknown
Relationship_Colleagues_102,Relationship,Colleagues,Unknown
Relationship_Colleagues_121,Relationship,Colleagues,Unknown
Relationship_Colleagues_158,Relationship,Colleagues,Unknown
Relationship_Colleagues_215,Relationship,Colleagues,Unknown
Relationship_Colleagues_290,Relationship,Colleagues,Unknown
Relationship_Colleagues_319,Relationship,Colleagues,Unknown
Relationship_Colleagues_320,Relationship,Colleagues,Unknown
Relationship_Colleagues_321,Relationship,Colleagues,Unknown
Relationship_Colleagues_322,Relationship,Colleagues,Unknown
Relationship_Colleagues_323,Relationship,Colleagues,Unknown
Relationship_Colleagues_430,Relationship,Colleagues,Unknown
Relationship_Colleagues_431,Relationship,Colleagues,Unknown
Relationship_Colleagues_494,Relationship,Colleagues,Unknown
Relationship_Colleagues_535,Relationship,Colleagues,Unknown
Relationship_Colleagues_536,Relationship,Colleagues,Unknown
Relationship_Colleagues_551,Relationship,Colleagues,Unknown
Relationship_Colleagues_589,Relationship,Colleagues,Unknown
Relationship_Colleagues_599,Relationship,Colleagues,Unknown
Relationship_Colleagues_601,Relationship,Colleagues,Unknown
Relationship_Colleagues_617,Relationship,Colleagues,Unknown
Relationship_Colleagues_619,Relationship,Colleagues,Unknown
Relationship_Colleagues_628,Relationship,Colleagues,Unknown
Relationship_AccessPermission_7,Relationship,AccessPermission,Unknown
Relationship_AccessPermission_68,Relationship,AccessPermission,Unknown
Relationship_AccessPermission_81,Relationship,AccessPermission,Unknown
Relationship_AccessPermission_96,Relationship,AccessPermission,Unknown
Relationship_AccessPermission_98,Relationship,AccessPermission,Unknown
Relationship_AccessPermission_100,Relationship,AccessPermission,Unknown
Relationship_AccessPermission_101,Relationship,AccessPermission,Unknown
Relationship_AccessPermission_118,Relationship,AccessPermission,Unknown
Relationship_AccessPermission_122,Relationship,AccessPermission,Unknown
Relationship_AccessPermission_125,Relationship,AccessPermission,Unknown
Relationship_AccessPermission_127,Relationship,AccessPermission,Unknown
Relationship_AccessPermission_128,Relationship,AccessPermission,Unknown
Relationship_AccessPermission_129,Relationship,AccessPermission,Unknown
Relationship_AccessPermission_148,Relationship,AccessPermission,Unknown
Relationship_AccessPermission_156,Relationship,AccessPermission,Unknown
Relationship_AccessPermission_161,Relationship,AccessPermission,Unknown
Relationship_AccessPermission_163,Relationship,AccessPermission,Unknown
Relationship_AccessPermission_181,Relationship,AccessPermission,Unknown
Relationship_AccessPermission_190,Relationship,AccessPermission,Unknown
Relationship_AccessPermission_192,Relationship,AccessPermission,Unknown
Relationship_AccessPermission_196,Relationship,AccessPermission,Unknown
Relationship_AccessPermission_214,Relationship,AccessPermission,Unknown
Relationship_AccessPermission_232,Relationship,AccessPermission,Unknown
Relationship_AccessPermission_233,Relationship,AccessPermission,Unknown
Relationship_AccessPermission_238,Relationship,AccessPermission,Unknown
Relationship_AccessPermission_243,Relationship,AccessPermission,Unknown
Relationship_AccessPermission_244,Relationship,AccessPermission,Unknown
Relationship_AccessPermission_259,Relationship,AccessPermission,Unknown
Relationship_AccessPermission_262,Relationship,AccessPermission,Unknown
Relationship_AccessPermission_266,Relationship,AccessPermission,Unknown
Relationship_AccessPermission_281,Relationship,AccessPermission,Unknown
Relationship_AccessPermission_303,Relationship,AccessPermission,Unknown
Relationship_AccessPermission_304,Relationship,AccessPermission,Unknown
Relationship_AccessPermission_306,Relationship,AccessPermission,Unknown
Relationship_AccessPermission_313,Relationship,AccessPermission,Unknown
Relationship_AccessPermission_328,Relationship,AccessPermission,Unknown
Relationship_AccessPermission_332,Relationship,AccessPermission,Unknown
Relationship_AccessPermission_338,Relationship,AccessPermission,Unknown
Relationship_AccessPermission_349,Relationship,AccessPermission,Unknown
Relationship_AccessPermission_370,Relationship,AccessPermission,Unknown
Relationship_AccessPermission_382,Relationship,AccessPermission,Unknown
Relationship_AccessPermission_392,Relationship,AccessPermission,Unknown
Relationship_AccessPermission_393,Relationship,AccessPermission,Unknown
Relationship_AccessPermission_397,Relationship,AccessPermission,Unknown
Relationship_AccessPermission_405,Relationship,AccessPermission,Unknown
Relationship_AccessPermission_415,Relationship,AccessPermission,Unknown
Relationship_AccessPermission_421,Relationship,AccessPermission,Unknown
Relationship_AccessPermission_425,Relationship,AccessPermission,Unknown
Relationship_AccessPermission_441,Relationship,AccessPermission,Unknown
Relationship_AccessPermission_444,Relationship,AccessPermission,Unknown
Relationship_AccessPermission_455,Relationship,AccessPermission,Unknown
Relationship_AccessPermission_477,Relationship,AccessPermission,Unknown
Relationship_AccessPermission_479,Relationship,AccessPermission,Unknown
Relationship_AccessPermission_489,Relationship,AccessPermission,Unknown
Relationship_AccessPermission_497,Relationship,AccessPermission,Unknown
Relationship_AccessPermission_502,Relationship,AccessPermission,Unknown
Relationship_AccessPermission_511,Relationship,AccessPermission,Unknown
Relationship_AccessPermission_512,Relationship,AccessPermission,Unknown
Relationship_AccessPermission_553,Relationship,AccessPermission,Unknown
Relationship_AccessPermission_560,Relationship,AccessPermission,Unknown
Relationship_AccessPermission_562,Relationship,AccessPermission,Unknown
Relationship_AccessPermission_564,Relationship,AccessPermission,Unknown
Relationship_AccessPermission_569,Relationship,AccessPermission,Unknown
Relationship_AccessPermission_585,Relationship,AccessPermission,Unknown
Relationship_AccessPermission_588,Relationship,AccessPermission,Unknown
Relationship_AccessPermission_591,Relationship,AccessPermission,Unknown
Relationship_AccessPermission_594,Relationship,AccessPermission,Unknown
Relationship_AccessPermission_615,Relationship,AccessPermission,Unknown
Relationship_Reports_18,Relationship,Reports,Unknown
Relationship_Reports_38,Relationship,Reports,Unknown
Relationship_Reports_41,Relationship,Reports,Unknown
Relationship_Reports_46,Relationship,Reports,Unknown
Relationship_Reports_51,Relationship,Reports,Unknown
Relationship_Reports_69,Relationship,Reports,Unknown
Relationship_Reports_73,Relationship,Reports,Unknown
Relationship_Reports_170,Relationship,Reports,Unknown
Relationship_Reports_205,Relationship,Reports,Unknown
Relationship_Reports_218,Relationship,Reports,Unknown
Relationship_Reports_288,Relationship,Reports,Unknown
Relationship_Reports_344,Relationship,Reports,Unknown
Relationship_Reports_355,Relationship,Reports,Unknown
Relationship_Reports_408,Relationship,Reports,Unknown
Relationship_Reports_447,Relationship,Reports,Unknown
Relationship_Reports_496,Relationship,Reports,Unknown
Relationship_Reports_513,Relationship,Reports,Unknown
Relationship_Reports_526,Relationship,Reports,Unknown
Relationship_Reports_529,Relationship,Reports,Unknown
Relationship_Reports_537,Relationship,Reports,Unknown
Relationship_Reports_572,Relationship,Reports,Unknown
Relationship_Reports_587,Relationship,Reports,Unknown
Relationship_Reports_603,Relationship,Reports,Unknown
Relationship_Reports_604,Relationship,Reports,Unknown
Relationship_Reports_622,Relationship,Reports,Unknown
Relationship_Jurisdiction_19,Relationship,Jurisdiction,Unknown
Relationship_Jurisdiction_21,Relationship,Jurisdiction,Unknown
Relationship_Jurisdiction_29,Relationship,Jurisdiction,Unknown
Relationship_Jurisdiction_131,Relationship,Jurisdiction,Unknown
Relationship_Jurisdiction_162,Relationship,Jurisdiction,Unknown
Relationship_Jurisdiction_390,Relationship,Jurisdiction,Unknown
Relationship_Jurisdiction_446,Relationship,Jurisdiction,Unknown
Relationship_Jurisdiction_454,Relationship,Jurisdiction,Unknown
Relationship_Jurisdiction_575,Relationship,Jurisdiction,Unknown
Relationship_Jurisdiction_583,Relationship,Jurisdiction,Unknown
Relationship_Jurisdiction_586,Relationship,Jurisdiction,Unknown
Relationship_Jurisdiction_611,Relationship,Jurisdiction,Unknown
Relationship_Jurisdiction_613,Relationship,Jurisdiction,Unknown
Relationship_Coordinates_20,Relationship,Coordinates,Unknown
Relationship_Coordinates_24,Relationship,Coordinates,Unknown
Relationship_Coordinates_27,Relationship,Coordinates,Unknown
Relationship_Coordinates_30,Relationship,Coordinates,Unknown
Relationship_Coordinates_33,Relationship,Coordinates,Unknown
Relationship_Coordinates_35,Relationship,Coordinates,Unknown
Relationship_Coordinates_37,Relationship,Coordinates,Unknown
Relationship_Coordinates_39,Relationship,Coordinates,Unknown
Relationship_Coordinates_43,Relationship,Coordinates,Unknown
Relationship_Coordinates_53,Relationship,Coordinates,Unknown
Relationship_Coordinates_54,Relationship,Coordinates,Unknown
Relationship_Coordinates_77,Relationship,Coordinates,Unknown
Relationship_Coordinates_116,Relationship,Coordinates,Unknown
Relationship_Coordinates_120,Relationship,Coordinates,Unknown
Relationship_Coordinates_172,Relationship,Coordinates,Unknown
Relationship_Coordinates_185,Relationship,Coordinates,Unknown
Relationship_Coordinates_201,Relationship,Coordinates,Unknown
Relationship_Coordinates_226,Relationship,Coordinates,Unknown
Relationship_Coordinates_231,Relationship,Coordinates,Unknown
Relationship_Coordinates_236,Relationship,Coordinates,Unknown
Relationship_Coordinates_247,Relationship,Coordinates,Unknown
Relationship_Coordinates_248,Relationship,Coordinates,Unknown
Relationship_Coordinates_251,Relationship,Coordinates,Unknown
Relationship_Coordinates_252,Relationship,Coordinates,Unknown
Relationship_Coordinates_253,Relationship,Coordinates,Unknown
Relationship_Coordinates_269,Relationship,Coordinates,Unknown
Relationship_Coordinates_274,Relationship,Coordinates,Unknown
Relationship_Coordinates_279,Relationship,Coordinates,Unknown
Relationship_Coordinates_280,Relationship,Coordinates,Unknown
Relationship_Coordinates_289,Relationship,Coordinates,Unknown
Relationship_Coordinates_292,Relationship,Coordinates,Unknown
Relationship_Coordinates_297,Relationship,Coordinates,Unknown
Relationship_Coordinates_298,Relationship,Coordinates,Unknown
Relationship_Coordinates_302,Relationship,Coordinates,Unknown
Relationship_Coordinates_305,Relationship,Coordinates,Unknown
Relationship_Coordinates_307,Relationship,Coordinates,Unknown
Relationship_Coordinates_334,Relationship,Coordinates,Unknown
Relationship_Coordinates_336,Relationship,Coordinates,Unknown
Relationship_Coordinates_343,Relationship,Coordinates,Unknown
Relationship_Coordinates_378,Relationship,Coordinates,Unknown
Relationship_Coordinates_380,Relationship,Coordinates,Unknown
Relationship_Coordinates_387,Relationship,Coordinates,Unknown
Relationship_Coordinates_401,Relationship,Coordinates,Unknown
Relationship_Coordinates_411,Relationship,Coordinates,Unknown
Relationship_Coordinates_413,Relationship,Coordinates,Unknown
Relationship_Coordinates_418,Relationship,Coordinates,Unknown
Relationship_Coordinates_423,Relationship,Coordinates,Unknown
Relationship_Coordinates_428,Relationship,Coordinates,Unknown
Relationship_Coordinates_437,Relationship,Coordinates,Unknown
Relationship_Coordinates_445,Relationship,Coordinates,Unknown
Relationship_Coordinates_448,Relationship,Coordinates,Unknown
Relationship_Coordinates_471,Relationship,Coordinates,Unknown
Relationship_Coordinates_473,Relationship,Coordinates,Unknown
Relationship_Coordinates_492,Relationship,Coordinates,Unknown
Relationship_Coordinates_493,Relationship,Coordinates,Unknown
Relationship_Coordinates_499,Relationship,Coordinates,Unknown
Relationship_Coordinates_503,Relationship,Coordinates,Unknown
Relationship_Coordinates_509,Relationship,Coordinates,Unknown
Relationship_Coordinates_516,Relationship,Coordinates,Unknown
Relationship_Coordinates_518,Relationship,Coordinates,Unknown
Relationship_Coordinates_548,Relationship,Coordinates,Unknown
Relationship_Coordinates_550,Relationship,Coordinates,Unknown
Relationship_Coordinates_555,Relationship,Coordinates,Unknown
Relationship_Coordinates_556,Relationship,Coordinates,Unknown
Relationship_Coordinates_565,Relationship,Coordinates,Unknown
Relationship_Coordinates_573,Relationship,Coordinates,Unknown
Relationship_Coordinates_578,Relationship,Coordinates,Unknown
Relationship_Coordinates_609,Relationship,Coordinates,Unknown
Relationship_Coordinates_614,Relationship,Coordinates,Unknown
Relationship_Coordinates_616,Relationship,Coordinates,Unknown
Relationship_Coordinates_618,Relationship,Coordinates,Unknown
Relationship_Coordinates_621,Relationship,Coordinates,Unknown
Relationship_Coordinates_623,Relationship,Coordinates,Unknown
Relationship_Coordinates_629,Relationship,Coordinates,Unknown
Relationship_Operates_36,Relationship,Operates,Unknown
Relationship_Operates_58,Relationship,Operates,Unknown
Relationship_Operates_59,Relationship,Operates,Unknown
Relationship_Operates_65,Relationship,Operates,Unknown
Relationship_Operates_75,Relationship,Operates,Unknown
Relationship_Operates_97,Relationship,Operates,Unknown
Relationship_Operates_103,Relationship,Operates,Unknown
Relationship_Operates_109,Relationship,Operates,Unknown
Relationship_Operates_153,Relationship,Operates,Unknown
Relationship_Operates_154,Relationship,Operates,Unknown
Relationship_Operates_176,Relationship,Operates,Unknown
Relationship_Operates_202,Relationship,Operates,Unknown
Relationship_Operates_210,Relationship,Operates,Unknown
Relationship_Operates_211,Relationship,Operates,Unknown
Relationship_Operates_255,Relationship,Operates,Unknown
Relationship_Operates_256,Relationship,Operates,Unknown
Relationship_Operates_271,Relationship,Operates,Unknown
Relationship_Operates_283,Relationship,Operates,Unknown
Relationship_Operates_327,Relationship,Operates,Unknown
Relationship_Operates_351,Relationship,Operates,Unknown
Relationship_Operates_352,Relationship,Operates,Unknown
Relationship_Operates_367,Relationship,Operates,Unknown
Relationship_Operates_439,Relationship,Operates,Unknown
Relationship_Operates_459,Relationship,Operates,Unknown
Relationship_Operates_461,Relationship,Operates,Unknown
Relationship_Operates_463,Relationship,Operates,Unknown
Relationship_Operates_474,Relationship,Operates,Unknown
Relationship_Operates_476,Relationship,Operates,Unknown
Relationship_Operates_505,Relationship,Operates,Unknown
Relationship_Operates_506,Relationship,Operates,Unknown
Relationship_Operates_514,Relationship,Operates,Unknown
Relationship_Operates_519,Relationship,Operates,Unknown
Relationship_Operates_521,Relationship,Operates,Unknown
Relationship_Operates_538,Relationship,Operates,Unknown
Relationship_Operates_543,Relationship,Operates,Unknown
Relationship_Operates_546,Relationship,Operates,Unknown
Relationship_Operates_566,Relationship,Operates,Unknown
Relationship_Operates_592,Relationship,Operates,Unknown
Relationship_Operates_593,Relationship,Operates,Unknown
Relationship_Operates_602,Relationship,Operates,Unknown
Relationship_Suspicious_71,Relationship,Suspicious,Unknown
Relationship_Suspicious_74,Relationship,Suspicious,Unknown
Relationship_Suspicious_106,Relationship,Suspicious,Unknown
Relationship_Suspicious_107,Relationship,Suspicious,Unknown
Relationship_Suspicious_108,Relationship,Suspicious,Unknown
Relationship_Suspicious_110,Relationship,Suspicious,Unknown
Relationship_Suspicious_112,Relationship,Suspicious,Unknown
Relationship_Suspicious_113,Relationship,Suspicious,Unknown
Relationship_Suspicious_123,Relationship,Suspicious,Unknown
Relationship_Suspicious_145,Relationship,Suspicious,Unknown
Relationship_Suspicious_209,Relationship,Suspicious,Unknown
Relationship_Suspicious_217,Relationship,Suspicious,Unknown
Relationship_Suspicious_219,Relationship,Suspicious,Unknown
Relationship_Suspicious_293,Relationship,Suspicious,Unknown
Relationship_Suspicious_294,Relationship,Suspicious,Unknown
Relationship_Suspicious_317,Relationship,Suspicious,Unknown
Relationship_Suspicious_341,Relationship,Suspicious,Unknown
Relationship_Suspicious_360,Relationship,Suspicious,Unknown
Relationship_Suspicious_368,Relationship,Suspicious,Unknown
Relationship_Suspicious_410,Relationship,Suspicious,Unknown
Relationship_Suspicious_426,Relationship,Suspicious,Unknown
Relationship_Suspicious_436,Relationship,Suspicious,Unknown
Relationship_Suspicious_457,Relationship,Suspicious,Unknown
Relationship_Suspicious_470,Relationship,Suspicious,Unknown
Relationship_Suspicious_483,Relationship,Suspicious,Unknown
Relationship_Suspicious_485,Relationship,Suspicious,Unknown
Relationship_Suspicious_577,Relationship,Suspicious,Unknown
Relationship_Suspicious_600,Relationship,Suspicious,Unknown
Relationship_Unfriendly_130,Relationship,Unfriendly,Unknown
Relationship_Unfriendly_229,Relationship,Unfriendly,Unknown
Relationship_Unfriendly_312,Relationship,Unfriendly,Unknown
Relationship_Unfriendly_567,Relationship,Unfriendly,Unknown
Relationship_Unfriendly_625,Relationship,Unfriendly,Unknown
